MSE,PSNR,SSIM,bn_loss,candidate_rank,candidate_score,candidate_seed,checkpoint_path,class_id,class_ids,class_name,cosine_loss,device,download_cifar10,embedding_cosine_to_target,embedding_loss,figure_path,image_size,l2_loss,lambda_bn,lambda_cosine,lambda_embedding,lambda_l2,lambda_logit,lambda_tv,load_style,loaded_layers,logit_loss,lr_image,lr_z,margin_loss,model_layers,multi_crop_count,multistart_count,nearest_embedding_cosine,nearest_index_within_class,negative_loss,num_classes,objective_loss,objective_name,parameter_count,parameterization,pretrained_description,reference_max_per_class,reference_split,runtime_seconds,seed,seeds,skipped_layers_count,steps_image,steps_z,target_confidence,top1_class,top1_confidence,top_k,topk_contains_target,tv_loss,use_augmentations,variant,weight_bn_loss,weight_cosine_loss,weight_embedding_loss,weight_l2_loss,weight_logit_loss,weight_margin_loss,weight_negative_loss,weight_source,weight_tv_loss,status,dataset_name,resolution,pixel_count,depth,MSE_normalized,PSNR_normalized
0.1359070241451263,8.667580968463454,0.0447841621935367,0.9999907612800598,1,0.2887894816696643,1016,D:\IE_643_Project\pre_trained_model_weights\resnet18_cifar10_trained.pth,0,"(0, 1, 8)",airplane,0.9247357249259948,cpu,True,0.1724118888378143,0.4663256108760834,D:\IE_643_Project\results\phase1_baseline\figures\resnet18_plug_in_aug_sigmoid_class0_airplane_seed7.png,32,0.0818943902850151,0.01,0.5,1.0,0.0001,0.1,1e-05,project_safe_compatible_layers,20,-0.1829813867807388,0.03,0.01,0.9532530307769777,122,3,2,0.970676064491272,293,0.7568714022636414,10,1.2039912939071655,plug_in_aug_sigmoid,11173962,sigmoid,local CIFAR-10 checkpoint: resnet18_cifar10_trained.pth,500,train,99.11050590011293,7,"(7, 21, 42)",102,500,300,0.1502386778593063,0,0.1502386778593063,5,True,0.0800616592168808,True,resnet18,0.025,0.5,1.0,7e-05,0.1,0.25,0.04,local_cifar10,3e-05,completed,CIFAR-10,32x32,3072,18,0.1359070241451263,8.667580968463454
0.0819688290357589,10.863512689751191,-0.007542876061052,1.0001063346862793,0,0.2882291987538338,21,D:\IE_643_Project\pre_trained_model_weights\resnet18_cifar10_trained.pth,0,"(0, 1, 8)",airplane,0.9179205894470216,cpu,True,0.182843416929245,0.2874605655670166,D:\IE_643_Project\results\phase1_baseline\figures\resnet18_plug_in_aug_sigmoid_class0_airplane_seed21.png,32,0.0897097960114479,0.01,0.5,1.0,0.0001,0.1,1e-05,project_safe_compatible_layers,20,-0.1255571991205215,0.03,0.01,1.1077485084533691,122,3,2,0.5872683525085449,499,0.7527575492858887,10,1.0659234523773191,plug_in_aug_sigmoid,11173962,sigmoid,local CIFAR-10 checkpoint: resnet18_cifar10_trained.pth,500,train,99.59022739995272,21,"(7, 21, 42)",102,500,300,0.1337356865406036,0,0.1337356865406036,5,True,0.0601455233991146,True,resnet18,0.025,0.5,1.0,7e-05,0.1,0.25,0.04,local_cifar10,3e-05,completed,CIFAR-10,32x32,3072,18,0.0819688290357589,10.863512689751191
0.0566534958779811,12.46773286265312,-0.0007309109787456,1.0003443956375122,0,0.2764908764511347,42,D:\IE_643_Project\pre_trained_model_weights\resnet18_cifar10_trained.pth,0,"(0, 1, 8)",airplane,0.936496913433075,cpu,True,0.165764182806015,0.4209044277667999,D:\IE_643_Project\results\phase1_baseline\figures\resnet18_plug_in_aug_sigmoid_class0_airplane_seed42.png,32,0.0488308072090148,0.01,0.5,1.0,0.0001,0.1,1e-05,project_safe_compatible_layers,20,-0.0873709917068481,0.03,0.01,1.1193574666976929,122,3,2,0.5650385618209839,499,0.7850924134254456,10,1.21667218208313,plug_in_aug_sigmoid,11173962,sigmoid,local CIFAR-10 checkpoint: resnet18_cifar10_trained.pth,500,train,100.16236929991284,42,"(7, 21, 42)",102,500,300,0.1245965287089347,0,0.1245965287089347,5,True,0.0451819971203804,True,resnet18,0.025,0.5,1.0,7e-05,0.1,0.25,0.04,local_cifar10,3e-05,completed,CIFAR-10,32x32,3072,18,0.0566534958779811,12.46773286265312
0.108650617301464,9.639678018804291,0.0233564991503953,1.0004401206970217,1,0.2703654341399669,1016,D:\IE_643_Project\pre_trained_model_weights\resnet18_cifar10_trained.pth,1,"(0, 1, 8)",automobile,0.9627034068107604,cpu,True,0.1488062739372253,0.4563292562961578,D:\IE_643_Project\results\phase1_baseline\figures\resnet18_plug_in_aug_sigmoid_class1_automobile_seed7.png,32,0.0369082801043987,0.01,0.5,1.0,0.0001,0.1,1e-05,project_safe_compatible_layers,20,-0.1030528470873832,0.03,0.01,1.0169395208358765,122,3,2,0.9626779556274414,231,0.7448849678039551,10,1.236420750617981,plug_in_aug_sigmoid,11173962,sigmoid,local CIFAR-10 checkpoint: resnet18_cifar10_trained.pth,500,train,98.84404870006256,7,"(7, 21, 42)",102,500,300,0.1313208490610122,1,0.1313208490610122,5,True,0.0373448505997657,True,resnet18,0.025,0.5,1.0,7e-05,0.1,0.25,0.04,local_cifar10,3e-05,completed,CIFAR-10,32x32,3072,18,0.108650617301464,9.639678018804291
0.0522717572748661,12.817328995205932,0.0267431866377592,0.9998169541358948,0,0.2578837532550097,21,D:\IE_643_Project\pre_trained_model_weights\resnet18_cifar10_trained.pth,1,"(0, 1, 8)",automobile,0.979829967021942,cpu,True,0.1313707828521728,0.2850898802280426,D:\IE_643_Project\results\phase1_baseline\figures\resnet18_plug_in_aug_sigmoid_class1_automobile_seed21.png,32,0.0486580729484558,0.01,0.5,1.0,0.0001,0.1,1e-05,project_safe_compatible_layers,20,-0.0581553764641284,0.03,0.01,1.1010621786117554,122,3,2,0.6000437140464783,377,0.7366475462913513,10,1.098920464515686,plug_in_aug_sigmoid,11173962,sigmoid,local CIFAR-10 checkpoint: resnet18_cifar10_trained.pth,500,train,118.90322889992969,21,"(7, 21, 42)",102,500,300,0.1205667480826377,1,0.1205667480826377,5,True,0.0295158103108406,True,resnet18,0.025,0.5,1.0,7e-05,0.1,0.25,0.04,local_cifar10,3e-05,completed,CIFAR-10,32x32,3072,18,0.0522717572748661,12.817328995205932
0.0743228197097778,11.288778221418738,-0.0032908555585891,1.0006628036499023,1,0.306217298656702,1051,D:\IE_643_Project\pre_trained_model_weights\resnet18_cifar10_trained.pth,1,"(0, 1, 8)",automobile,0.9020702242851256,cpu,True,0.1997110247611999,0.427948921918869,D:\IE_643_Project\results\phase1_baseline\figures\resnet18_plug_in_aug_sigmoid_class1_automobile_seed42.png,32,0.0763406157493591,0.01,0.5,1.0,0.0001,0.1,1e-05,project_safe_compatible_layers,20,-0.2890808582305908,0.03,0.01,0.9799826741218568,122,3,2,0.5949839949607849,377,0.813424825668335,10,1.152632713317871,plug_in_aug_sigmoid,11173962,sigmoid,local CIFAR-10 checkpoint: resnet18_cifar10_trained.pth,500,train,122.14369850000368,42,"(7, 21, 42)",102,500,300,0.1610336750745773,1,0.1610336750745773,5,True,0.0723522454500198,True,resnet18,0.025,0.5,1.0,7e-05,0.1,0.25,0.04,local_cifar10,3e-05,completed,CIFAR-10,32x32,3072,18,0.0743228197097778,11.288778221418738
0.2382145076990127,6.2303179271989535,0.0315781272947788,1.0007165670394895,0,0.2598950609564781,7,D:\IE_643_Project\pre_trained_model_weights\resnet18_cifar10_trained.pth,8,"(0, 1, 8)",ship,0.9565282464027404,cpu,True,0.1369134336709976,0.4633397161960602,D:\IE_643_Project\results\phase1_baseline\figures\resnet18_plug_in_aug_sigmoid_class8_ship_seed7.png,32,0.0386887639760971,0.01,0.5,1.0,0.0001,0.1,1e-05,project_safe_compatible_layers,20,-0.0203224942088127,0.03,0.01,1.0968173742294312,122,3,2,0.9689964056015016,250,0.7475345134735107,10,1.2686991691589355,plug_in_aug_sigmoid,11173962,sigmoid,local CIFAR-10 checkpoint: resnet18_cifar10_trained.pth,500,train,127.66587339993566,7,"(7, 21, 42)",102,500,300,0.1183952689170837,8,0.1183952689170837,5,True,0.0383034199476242,True,resnet18,0.025,0.5,1.0,7e-05,0.1,0.25,0.04,local_cifar10,3e-05,completed,CIFAR-10,32x32,3072,18,0.2382145076990127,6.2303179271989535
0.1541414409875869,8.120805853394204,0.0150054395198822,0.9992372393608092,0,0.2720823466777801,21,D:\IE_643_Project\pre_trained_model_weights\resnet18_cifar10_trained.pth,8,"(0, 1, 8)",ship,0.9526384472846984,cpu,True,0.1604891717433929,0.2880399525165558,D:\IE_643_Project\results\phase1_baseline\figures\resnet18_plug_in_aug_sigmoid_class8_ship_seed21.png,32,0.069883681833744,0.01,0.5,1.0,0.0001,0.1,1e-05,project_safe_compatible_layers,20,-0.0024195536971092,0.03,0.01,1.1740068197250366,122,3,2,0.5872541666030884,444,0.7383708357810974,10,1.112141251564026,plug_in_aug_sigmoid,11173962,sigmoid,local CIFAR-10 checkpoint: resnet18_cifar10_trained.pth,500,train,138.30235500005074,21,"(7, 21, 42)",102,500,300,0.1195364594459533,8,0.1195364594459533,5,True,0.0550461113452911,True,resnet18,0.025,0.5,1.0,7e-05,0.1,0.25,0.04,local_cifar10,3e-05,completed,CIFAR-10,32x32,3072,18,0.1541414409875869,8.120805853394204
0.2914360165596008,5.354567778010269,0.034441340714693,0.9997119903564452,1,0.2484753303229808,1051,D:\IE_643_Project\pre_trained_model_weights\resnet18_cifar10_trained.pth,8,"(0, 1, 8)",ship,0.9859991073608398,cpu,True,0.1241218596696853,0.4185299873352051,D:\IE_643_Project\results\phase1_baseline\figures\resnet18_plug_in_aug_sigmoid_class8_ship_seed42.png,32,0.0264870431274175,0.01,0.5,1.0,0.0001,0.1,1e-05,project_safe_compatible_layers,20,0.061646431684494,0.03,0.01,1.2239844799041748,122,3,2,0.5818119645118713,406,0.7653372287750244,10,1.279299259185791,plug_in_aug_sigmoid,11173962,sigmoid,local CIFAR-10 checkpoint: resnet18_cifar10_trained.pth,500,train,129.0284265000373,42,"(7, 21, 42)",102,500,300,0.1040411442518234,4,0.1079960837960243,5,True,0.0234006457030773,True,resnet18,0.025,0.5,1.0,7e-05,0.1,0.25,0.04,local_cifar10,3e-05,completed,CIFAR-10,32x32,3072,18,0.2914360165596008,5.354567778010269
0.0813368186354637,10.897128183597962,0.0413340479135513,0.2020366042852401,0,0.8515742897987365,7,D:\IE_643_Project\pre_trained_model_weights\resnet34_cifar10.pth,0,"(0, 1, 8)",airplane,0.3006236851215362,cpu,True,0.7031490802764893,0.2354067116975784,D:\IE_643_Project\results\phase1_baseline\figures\resnet34_plug_in_aug_sigmoid_class0_airplane_seed7.png,32,0.3098576068878174,0.01,0.5,1.0,0.0001,0.1,1e-05,project_safe_compatible_layers,218,-13.34502124786377,0.03,0.01,0.0,218,3,2,0.8826607465744019,250,0.7359938025474548,10,-0.9142674803733826,plug_in_aug_sigmoid,21282122,sigmoid,local CIFAR-10 checkpoint: resnet34_cifar10.pth,500,train,312.2664872999303,7,"(7, 21, 42)",0,500,300,0.9999992847442628,0,0.9999992847442628,5,True,0.1232011765241622,True,resnet34,0.025,0.5,1.0,7e-05,0.1,0.25,0.04,local_cifar10,3e-05,completed,CIFAR-10,32x32,3072,34,0.0813368186354637,10.897128183597962
0.0894926413893699,10.482126734592432,-0.0104093831032514,0.2000037580728531,1,0.848186182975769,1030,D:\IE_643_Project\pre_trained_model_weights\resnet34_cifar10.pth,0,"(0, 1, 8)",airplane,0.2946507632732391,cpu,True,0.6963728666305542,0.241132378578186,D:\IE_643_Project\results\phase1_baseline\figures\resnet34_plug_in_aug_sigmoid_class0_airplane_seed21.png,32,0.3076341152191162,0.01,0.5,1.0,0.0001,0.1,1e-05,project_safe_compatible_layers,218,-12.721805572509766,0.03,0.01,0.0,218,3,2,0.8733277916908264,250,0.7451671957969666,10,-0.8488908410072327,plug_in_aug_sigmoid,21282122,sigmoid,local CIFAR-10 checkpoint: resnet34_cifar10.pth,500,train,207.5797416998539,21,"(7, 21, 42)",0,500,300,0.9999992847442628,0,0.9999992847442628,5,True,0.1203290522098541,True,resnet34,0.025,0.5,1.0,7e-05,0.1,0.25,0.04,local_cifar10,3e-05,completed,CIFAR-10,32x32,3072,34,0.0894926413893699,10.482126734592432
0.0757809206843376,11.204401226596207,0.0291144307702779,0.2021855264902115,0,0.8504331350326538,42,D:\IE_643_Project\pre_trained_model_weights\resnet34_cifar10.pth,0,"(0, 1, 8)",airplane,0.3069091737270355,cpu,True,0.7008665204048157,0.2421027421951294,D:\IE_643_Project\results\phase1_baseline\figures\resnet34_plug_in_aug_sigmoid_class0_airplane_seed42.png,32,0.2991040050983429,0.01,0.5,1.0,0.0001,0.1,1e-05,project_safe_compatible_layers,218,-12.451766967773438,0.03,0.01,0.0,218,3,2,0.875177264213562,250,0.7436211705207825,10,-0.8147952556610107,plug_in_aug_sigmoid,21282122,sigmoid,local CIFAR-10 checkpoint: resnet34_cifar10.pth,500,train,219.70826370012944,42,"(7, 21, 42)",0,500,300,0.9999996423721312,0,0.9999996423721312,5,True,0.1216397136449813,True,resnet34,0.025,0.5,1.0,7e-05,0.1,0.25,0.04,local_cifar10,3e-05,completed,CIFAR-10,32x32,3072,34,0.0757809206843376,11.204401226596207
0.1818291097879409,7.403365875153439,-0.012163933366537,0.2034835070371627,1,0.8802329301834106,1016,D:\IE_643_Project\pre_trained_model_weights\resnet34_cifar10.pth,1,"(0, 1, 8)",automobile,0.2504570782184601,cpu,True,0.7604658603668213,0.2176152914762497,D:\IE_643_Project\results\phase1_baseline\figures\resnet34_plug_in_aug_sigmoid_class1_automobile_seed7.png,32,0.3104058802127838,0.01,0.5,1.0,0.0001,0.1,1e-05,project_safe_compatible_layers,218,-22.617197036743164,0.03,0.01,0.0,218,3,2,0.945470690727234,460,2.61113715171814,10,-1.809315204620361,plug_in_aug_sigmoid,21282122,sigmoid,local CIFAR-10 checkpoint: resnet34_cifar10.pth,500,train,208.9772542999126,7,"(7, 21, 42)",0,500,300,1.0,1,1.0,5,True,0.2129505425691604,True,resnet34,0.025,0.5,1.0,7e-05,0.1,0.25,0.04,local_cifar10,3e-05,completed,CIFAR-10,32x32,3072,34,0.1818291097879409,7.403365875153439
0.1818564981222152,7.402711760599132,-0.0429659076035022,0.205746129155159,0,0.8756694495677948,21,D:\IE_643_Project\pre_trained_model_weights\resnet34_cifar10.pth,1,"(0, 1, 8)",automobile,0.2551446259021759,cpu,True,0.7513388991355896,0.2284398078918457,D:\IE_643_Project\results\phase1_baseline\figures\resnet34_plug_in_aug_sigmoid_class1_automobile_seed21.png,32,0.3483495712280273,0.01,0.5,1.0,0.0001,0.1,1e-05,project_safe_compatible_layers,218,-22.827348709106445,0.03,0.01,0.0,218,3,2,0.9528031349182128,460,2.450178861618042,10,-1.823541522026062,plug_in_aug_sigmoid,21282122,sigmoid,local CIFAR-10 checkpoint: resnet34_cifar10.pth,500,train,278.71308010001667,21,"(7, 21, 42)",0,500,300,1.0,1,1.0,5,True,0.1994785368442535,True,resnet34,0.025,0.5,1.0,7e-05,0.1,0.25,0.04,local_cifar10,3e-05,completed,CIFAR-10,32x32,3072,34,0.1818564981222152,7.402711760599132
0.1761605143547058,7.540914303143968,0.0387912727892398,0.2008480578660965,1,0.8787603378295898,1051,D:\IE_643_Project\pre_trained_model_weights\resnet34_cifar10.pth,1,"(0, 1, 8)",automobile,0.2442484050989151,cpu,True,0.7575206756591797,0.2185508012771606,D:\IE_643_Project\results\phase1_baseline\figures\resnet34_plug_in_aug_sigmoid_class1_automobile_seed42.png,32,0.2962640523910522,0.01,0.5,1.0,0.0001,0.1,1e-05,project_safe_compatible_layers,218,-26.27294158935547,0.03,0.01,0.0,218,3,2,0.9501329660415648,460,2.9890050888061523,10,-2.162010908126831,plug_in_aug_sigmoid,21282122,sigmoid,local CIFAR-10 checkpoint: resnet34_cifar10.pth,500,train,198.02824090002105,42,"(7, 21, 42)",0,500,300,1.0,1,1.0,5,True,0.208376795053482,True,resnet34,0.025,0.5,1.0,7e-05,0.1,0.25,0.04,local_cifar10,3e-05,completed,CIFAR-10,32x32,3072,34,0.1761605143547058,7.540914303143968
0.1251766681671142,9.02476612264222,-0.0286497250199317,0.2036851197481155,0,0.8550777733325958,7,D:\IE_643_Project\pre_trained_model_weights\resnet34_cifar10.pth,8,"(0, 1, 8)",ship,0.2913830578327179,cpu,True,0.7101555466651917,0.2456416338682174,D:\IE_643_Project\results\phase1_baseline\figures\resnet34_plug_in_aug_sigmoid_class8_ship_seed7.png,32,0.3253376185894012,0.01,0.5,1.0,0.0001,0.1,1e-05,project_safe_compatible_layers,218,-20.278995513916016,0.03,0.01,0.0,218,3,2,0.9598292708396912,250,1.8905092477798464,10,-1.5558273792266846,plug_in_aug_sigmoid,21282122,sigmoid,local CIFAR-10 checkpoint: resnet34_cifar10.pth,500,train,248.62398340017532,7,"(7, 21, 42)",0,500,300,1.0,8,1.0,5,True,0.1240133345127105,True,resnet34,0.025,0.5,1.0,7e-05,0.1,0.25,0.04,local_cifar10,3e-05,completed,CIFAR-10,32x32,3072,34,0.1251766681671142,9.02476612264222
0.1226932480931282,9.11179336185621,0.0431540198624134,0.2042839080095291,0,0.8587903678417206,21,D:\IE_643_Project\pre_trained_model_weights\resnet34_cifar10.pth,8,"(0, 1, 8)",ship,0.2861774563789367,cpu,True,0.7175807356834412,0.2436274290084839,D:\IE_643_Project\results\phase1_baseline\figures\resnet34_plug_in_aug_sigmoid_class8_ship_seed21.png,32,0.347818523645401,0.01,0.5,1.0,0.0001,0.1,1e-05,project_safe_compatible_layers,218,-18.683141708374023,0.03,0.01,0.0,218,3,2,0.9554477334022522,250,1.2217402458190918,10,-1.427593469619751,plug_in_aug_sigmoid,21282122,sigmoid,local CIFAR-10 checkpoint: resnet34_cifar10.pth,500,train,237.74715960002504,21,"(7, 21, 42)",0,500,300,1.0,8,1.0,5,True,0.1177914887666702,True,resnet34,0.025,0.5,1.0,7e-05,0.1,0.25,0.04,local_cifar10,3e-05,completed,CIFAR-10,32x32,3072,34,0.1226932480931282,9.11179336185621
0.1292559951543808,8.885493043107452,-0.0231325533241033,0.2031082510948181,1,0.859510749578476,1051,D:\IE_643_Project\pre_trained_model_weights\resnet34_cifar10.pth,8,"(0, 1, 8)",ship,0.284215360879898,cpu,True,0.7190214991569519,0.2371454685926437,D:\IE_643_Project\results\phase1_baseline\figures\resnet34_plug_in_aug_sigmoid_class8_ship_seed42.png,32,0.3036275207996368,0.01,0.5,1.0,0.0001,0.1,1e-05,project_safe_compatible_layers,218,-20.38960838317871,0.03,0.01,0.0,218,3,2,0.95364111661911,250,1.397841453552246,10,-1.5986919403076172,plug_in_aug_sigmoid,21282122,sigmoid,local CIFAR-10 checkpoint: resnet34_cifar10.pth,500,train,208.08118200022727,42,"(7, 21, 42)",0,500,300,1.0,8,1.0,5,True,0.1080208718776702,True,resnet34,0.025,0.5,1.0,7e-05,0.1,0.25,0.04,local_cifar10,3e-05,completed,CIFAR-10,32x32,3072,34,0.1292559951543808,8.885493043107452
0.1588844507932663,7.989186028877066,0.0604791454970836,192340.171875,0,0.7079916179180145,7,D:\IE_643_Project\pre_trained_model_weights\resnet50_cifar10 .pth,0,"(0, 1, 8)",airplane,0.6161746382713318,cpu,True,0.4159958362579345,0.3229840099811554,D:\IE_643_Project\results\phase1_baseline\figures\resnet50_plug_in_aug_sigmoid_class0_airplane_seed7.png,32,0.3363853693008423,0.01,0.5,1.0,0.0001,0.1,1e-05,project_safe_compatible_layers,320,-12.20914077758789,0.03,0.01,0.0,320,3,2,0.7635351419448853,241,2.3175361156463623,10,4808.00732421875,plug_in_aug_sigmoid,23520842,sigmoid,local CIFAR-10 checkpoint: resnet50_cifar10 .pth,500,train,327.07943070004694,7,"(7, 21, 42)",0,500,300,0.9999819993972778,0,0.9999819993972778,5,True,0.1364017874002456,True,resnet50,0.025,0.5,1.0,7e-05,0.1,0.25,0.04,local_cifar10,3e-05,completed,CIFAR-10,32x32,3072,50,0.1588844507932663,7.989186028877066
0.1658194661140442,7.803644874789263,0.0436334125697612,192340.140625,0,0.7085022091865539,21,D:\IE_643_Project\pre_trained_model_weights\resnet50_cifar10 .pth,0,"(0, 1, 8)",airplane,0.5969484448432922,cpu,True,0.4170154333114624,0.3200162649154663,D:\IE_643_Project\results\phase1_baseline\figures\resnet50_plug_in_aug_sigmoid_class0_airplane_seed21.png,32,0.3673089444637298,0.01,0.5,1.0,0.0001,0.1,1e-05,project_safe_compatible_layers,320,-12.899209022521973,0.03,0.01,0.0,320,3,2,0.7541059851646423,241,2.0563762187957764,10,4807.9140625,plug_in_aug_sigmoid,23520842,sigmoid,local CIFAR-10 checkpoint: resnet50_cifar10 .pth,500,train,318.3369141998701,21,"(7, 21, 42)",0,500,300,0.9999842643737792,0,0.9999842643737792,5,True,0.130236268043518,True,resnet50,0.025,0.5,1.0,7e-05,0.1,0.25,0.04,local_cifar10,3e-05,completed,CIFAR-10,32x32,3072,50,0.1658194661140442,7.803644874789263
0.1737167090177536,7.601584067388199,0.0448476672172546,192340.109375,1,0.7067480176687241,1051,D:\IE_643_Project\pre_trained_model_weights\resnet50_cifar10 .pth,0,"(0, 1, 8)",airplane,0.601759672164917,cpu,True,0.4135083854198456,0.3211691677570343,D:\IE_643_Project\results\phase1_baseline\figures\resnet50_plug_in_aug_sigmoid_class0_airplane_seed42.png,32,0.3110468983650207,0.01,0.5,1.0,0.0001,0.1,1e-05,project_safe_compatible_layers,320,-12.828742027282717,0.03,0.01,0.0,320,3,2,0.7491543292999268,241,2.11145281791687,10,4807.9267578125,plug_in_aug_sigmoid,23520842,sigmoid,local CIFAR-10 checkpoint: resnet50_cifar10 .pth,500,train,337.74906360008754,42,"(7, 21, 42)",0,500,300,0.9999823570251464,0,0.9999823570251464,5,True,0.1337131559848785,True,resnet50,0.025,0.5,1.0,7e-05,0.1,0.25,0.04,local_cifar10,3e-05,completed,CIFAR-10,32x32,3072,50,0.1737167090177536,7.601584067388199
0.1777070313692093,7.502953880391883,-0.0458120889961719,192338.3125,1,0.715494367480278,1016,D:\IE_643_Project\pre_trained_model_weights\resnet50_cifar10 .pth,1,"(0, 1, 8)",automobile,0.6070299744606018,cpu,True,0.4309888184070587,0.362121433019638,D:\IE_643_Project\results\phase1_baseline\figures\resnet50_plug_in_aug_sigmoid_class1_automobile_seed7.png,32,0.3235180974006653,0.01,0.5,1.0,0.0001,0.1,1e-05,project_safe_compatible_layers,320,-17.65264892578125,0.03,0.01,0.0,320,3,2,0.6771461963653564,129,3.470261335372925,10,4807.4970703125,plug_in_aug_sigmoid,23520842,sigmoid,local CIFAR-10 checkpoint: resnet50_cifar10 .pth,500,train,329.8575957000721,7,"(7, 21, 42)",0,500,300,0.9999998807907104,1,0.9999998807907104,5,True,0.2050797045230865,True,resnet50,0.025,0.5,1.0,7e-05,0.1,0.25,0.04,local_cifar10,3e-05,completed,CIFAR-10,32x32,3072,50,0.1777070313692093,7.502953880391883
0.169934794306755,7.697176898282666,-0.0311112161725759,192339.375,0,0.7137260526418686,21,D:\IE_643_Project\pre_trained_model_weights\resnet50_cifar10 .pth,1,"(0, 1, 8)",automobile,0.6286185383796692,cpu,True,0.4274523556232452,0.3692639768123626,D:\IE_643_Project\results\phase1_baseline\figures\resnet50_plug_in_aug_sigmoid_class1_automobile_seed21.png,32,0.3635127246379852,0.01,0.5,1.0,0.0001,0.1,1e-05,project_safe_compatible_layers,320,-15.540936470031738,0.03,0.01,0.0,320,3,2,0.6796283721923828,129,3.2981655597686768,10,4807.74560546875,plug_in_aug_sigmoid,23520842,sigmoid,local CIFAR-10 checkpoint: resnet50_cifar10 .pth,500,train,340.40706279990263,21,"(7, 21, 42)",0,500,300,0.9999996423721312,1,0.9999996423721312,5,True,0.1995743066072464,True,resnet50,0.025,0.5,1.0,7e-05,0.1,0.25,0.04,local_cifar10,3e-05,completed,CIFAR-10,32x32,3072,50,0.169934794306755,7.697176898282666
0.1853445023298263,7.320202914430492,-0.0747397169470787,192338.875,0,0.7189797610044479,42,D:\IE_643_Project\pre_trained_model_weights\resnet50_cifar10 .pth,1,"(0, 1, 8)",automobile,0.6212379336357117,cpu,True,0.4379595220088959,0.3668159246444702,D:\IE_643_Project\results\phase1_baseline\figures\resnet50_plug_in_aug_sigmoid_class1_automobile_seed42.png,32,0.3323980569839477,0.01,0.5,1.0,0.0001,0.1,1e-05,project_safe_compatible_layers,320,-17.583242416381836,0.03,0.01,0.0,320,3,2,0.6761398315429688,129,4.064730167388916,10,4807.5537109375,plug_in_aug_sigmoid,23520842,sigmoid,local CIFAR-10 checkpoint: resnet50_cifar10 .pth,500,train,346.7804127000272,42,"(7, 21, 42)",0,500,300,1.0,1,1.0,5,True,0.2212358713150024,True,resnet50,0.025,0.5,1.0,7e-05,0.1,0.25,0.04,local_cifar10,3e-05,completed,CIFAR-10,32x32,3072,50,0.1853445023298263,7.320202914430492
0.1416464745998382,8.48794230044989,0.0217848997563123,192340.078125,1,0.7511651813983917,1016,D:\IE_643_Project\pre_trained_model_weights\resnet50_cifar10 .pth,8,"(0, 1, 8)",ship,0.5055556893348694,cpu,True,0.5023303627967834,0.2414424568414688,D:\IE_643_Project\results\phase1_baseline\figures\resnet50_plug_in_aug_sigmoid_class8_ship_seed7.png,32,0.3282909989356994,0.01,0.5,1.0,0.0001,0.1,1e-05,project_safe_compatible_layers,320,-19.483617782592773,0.03,0.01,0.0,320,3,2,0.8415284752845764,17,1.3025919198989868,10,4807.10009765625,plug_in_aug_sigmoid,23520842,sigmoid,local CIFAR-10 checkpoint: resnet50_cifar10 .pth,500,train,357.060899999924,7,"(7, 21, 42)",0,500,300,1.0,8,1.0,5,True,0.1280617862939834,True,resnet50,0.025,0.5,1.0,7e-05,0.1,0.25,0.04,local_cifar10,3e-05,completed,CIFAR-10,32x32,3072,50,0.1416464745998382,8.48794230044989
0.2063126116991043,6.854742231954515,-0.0526137016713619,192339.734375,1,0.7500128746032715,1030,D:\IE_643_Project\pre_trained_model_weights\resnet50_cifar10 .pth,8,"(0, 1, 8)",ship,0.505662739276886,cpu,True,0.500025749206543,0.2413442581892013,D:\IE_643_Project\results\phase1_baseline\figures\resnet50_plug_in_aug_sigmoid_class8_ship_seed21.png,32,0.3262106776237488,0.01,0.5,1.0,0.0001,0.1,1e-05,project_safe_compatible_layers,320,-20.108110427856445,0.03,0.01,0.0,320,3,2,0.8473553657531738,34,1.2353911399841309,10,4807.0263671875,plug_in_aug_sigmoid,23520842,sigmoid,local CIFAR-10 checkpoint: resnet50_cifar10 .pth,500,train,390.6624843999744,21,"(7, 21, 42)",0,500,300,1.0,8,1.0,5,True,0.1229805052280426,True,resnet50,0.025,0.5,1.0,7e-05,0.1,0.25,0.04,local_cifar10,3e-05,completed,CIFAR-10,32x32,3072,50,0.2063126116991043,6.854742231954515
0.1810541749000549,7.421914564026074,0.0624397993087768,192339.8125,1,0.7511207461357117,1051,D:\IE_643_Project\pre_trained_model_weights\resnet50_cifar10 .pth,8,"(0, 1, 8)",ship,0.5015293955802917,cpu,True,0.5022414922714233,0.2402220964431762,D:\IE_643_Project\results\phase1_baseline\figures\resnet50_plug_in_aug_sigmoid_class8_ship_seed42.png,32,0.3201097249984741,0.01,0.5,1.0,0.0001,0.1,1e-05,project_safe_compatible_layers,320,-20.64007377624512,0.03,0.01,0.0,320,3,2,0.8445414304733276,34,1.3679755926132202,10,4806.9775390625,plug_in_aug_sigmoid,23520842,sigmoid,local CIFAR-10 checkpoint: resnet50_cifar10 .pth,500,train,423.568542300025,42,"(7, 21, 42)",0,500,300,1.0,8,1.0,5,True,0.1350665837526321,True,resnet50,0.025,0.5,1.0,7e-05,0.1,0.25,0.04,local_cifar10,3e-05,completed,CIFAR-10,32x32,3072,50,0.1810541749000549,7.421914564026074
0.1999219208955764,6.99139584060771,-0.0047174575738608,36298.71484375,1,0.7564173340797424,1016,D:\IE_643_Project\pre_trained_model_weights\resnet101_cifar10_final_state_dict.pth,0,"(0, 1, 8)",airplane,0.4908324778079986,cpu,True,0.5128346681594849,0.1775257140398025,D:\IE_643_Project\results\phase1_baseline\figures\resnet101_plug_in_aug_sigmoid_class0_airplane_seed7.png,32,0.3108482360839844,0.01,0.5,1.0,0.0001,0.1,1e-05,project_safe_compatible_layers,626,-18.746902465820312,0.03,0.01,0.0,626,3,2,0.9236438274383544,98,1.261031150817871,10,906.0665893554688,plug_in_aug_sigmoid,42512970,sigmoid,local CIFAR-10 checkpoint: resnet101_cifar10_final_state_dict.pth,500,train,701.9733151001856,7,"(7, 21, 42)",0,500,300,1.0,0,1.0,5,True,0.2405945807695388,True,resnet101,0.025,0.5,1.0,7e-05,0.1,0.25,0.04,local_cifar10,3e-05,completed,CIFAR-10,32x32,3072,101,0.1999219208955764,6.99139584060771
0.2028272598981857,6.928736764207666,0.0101988827809691,36295.27734375,0,0.7585241496562958,21,D:\IE_643_Project\pre_trained_model_weights\resnet101_cifar10_final_state_dict.pth,0,"(0, 1, 8)",airplane,0.4882551431655884,cpu,True,0.5170482993125916,0.184060737490654,D:\IE_643_Project\results\phase1_baseline\figures\resnet101_plug_in_aug_sigmoid_class0_airplane_seed21.png,32,0.3538888990879059,0.01,0.5,1.0,0.0001,0.1,1e-05,project_safe_compatible_layers,626,-19.530426025390625,0.03,0.01,0.0,626,3,2,0.9151113629341124,98,1.192630648612976,10,905.90478515625,plug_in_aug_sigmoid,42512970,sigmoid,local CIFAR-10 checkpoint: resnet101_cifar10_final_state_dict.pth,500,train,577.990769200027,21,"(7, 21, 42)",0,500,300,1.0,0,1.0,5,True,0.2568561136722564,True,resnet101,0.025,0.5,1.0,7e-05,0.1,0.25,0.04,local_cifar10,3e-05,completed,CIFAR-10,32x32,3072,101,0.2028272598981857,6.928736764207666
0.186898723244667,7.283936653931838,-0.0088603785261511,36303.54296875,0,0.7570809125900269,42,D:\IE_643_Project\pre_trained_model_weights\resnet101_cifar10_final_state_dict.pth,0,"(0, 1, 8)",airplane,0.4965340197086334,cpu,True,0.5141618251800537,0.1610116511583328,D:\IE_643_Project\results\phase1_baseline\figures\resnet101_plug_in_aug_sigmoid_class0_airplane_seed42.png,32,0.3123983144760132,0.01,0.5,1.0,0.0001,0.1,1e-05,project_safe_compatible_layers,626,-17.026763916015625,0.03,0.01,0.0,626,3,2,0.9168078899383544,98,1.3603839874267578,10,906.349609375,plug_in_aug_sigmoid,42512970,sigmoid,local CIFAR-10 checkpoint: resnet101_cifar10_final_state_dict.pth,500,train,624.1619710999075,42,"(7, 21, 42)",0,500,300,1.0,0,1.0,5,True,0.241938903927803,True,resnet101,0.025,0.5,1.0,7e-05,0.1,0.25,0.04,local_cifar10,3e-05,completed,CIFAR-10,32x32,3072,101,0.186898723244667,7.283936653931838
0.1393356621265411,8.559377142825147,-0.0355110801756382,33951.91796875,1,0.5813207179307938,1016,D:\IE_643_Project\pre_trained_model_weights\resnet101_cifar10_final_state_dict.pth,1,"(0, 1, 8)",automobile,0.637971818447113,cpu,True,0.1626414358615875,6.568605899810791,D:\IE_643_Project\results\phase1_baseline\figures\resnet101_plug_in_aug_sigmoid_class1_automobile_seed7.png,32,0.2894744575023651,0.01,0.5,1.0,0.0001,0.1,1e-05,project_safe_compatible_layers,626,-28.656530380249023,0.03,0.01,0.0,626,3,2,0.575121283531189,0,2.9810540676116943,10,852.9391479492188,plug_in_aug_sigmoid,42512970,sigmoid,local CIFAR-10 checkpoint: resnet101_cifar10_final_state_dict.pth,500,train,698.9533293000422,7,"(7, 21, 42)",0,500,300,1.0,1,1.0,5,True,0.1552852988243103,True,resnet101,0.025,0.5,1.0,7e-05,0.1,0.25,0.04,local_cifar10,3e-05,completed,CIFAR-10,32x32,3072,101,0.1393356621265411,8.559377142825147
0.118840716779232,9.250347374445564,0.041559875011444,33925.125,1,0.5802560821175575,1030,D:\IE_643_Project\pre_trained_model_weights\resnet101_cifar10_final_state_dict.pth,1,"(0, 1, 8)",automobile,0.6207229495048523,cpu,True,0.160512164235115,6.669660568237305,D:\IE_643_Project\results\phase1_baseline\figures\resnet101_plug_in_aug_sigmoid_class1_automobile_seed21.png,32,0.29405677318573,0.01,0.5,1.0,0.0001,0.1,1e-05,project_safe_compatible_layers,626,-31.046594619750977,0.03,0.01,0.0,626,3,2,0.5738624930381775,0,3.611440420150757,10,852.14794921875,plug_in_aug_sigmoid,42512970,sigmoid,local CIFAR-10 checkpoint: resnet101_cifar10_final_state_dict.pth,500,train,963.1312424999196,21,"(7, 21, 42)",0,500,300,1.0,1,1.0,5,True,0.1541465371847152,True,resnet101,0.025,0.5,1.0,7e-05,0.1,0.25,0.04,local_cifar10,3e-05,completed,CIFAR-10,32x32,3072,101,0.118840716779232,9.250347374445564
0.12295714765787125,9.102462200920389,0.050307679921388626,33057.25,1,0.583676815032959,1051,D:\IE_643_Project\pre_trained_model_weights\resnet101_cifar10_final_state_dict.pth,1,"(0, 1, 8)",automobile,0.6971277594566345,cpu,True,0.16735363006591797,7.557466983795166,D:\IE_643_Project\results\phase1_baseline\figures\resnet101_plug_in_aug_sigmoid_class1_automobile_seed42.png,32,0.2916479706764221,0.01,0.5,1.0,0.0001,0.1,1e-05,project_safe_compatible_layers,626,-37.117000579833984,0.03,0.01,0.0,626,3,2,0.580396294593811,0,4.091550350189209,10,830.7892456054688,plug_in_aug_sigmoid,42512970,sigmoid,local CIFAR-10 checkpoint: resnet101_cifar10_final_state_dict.pth,500,train,652.4286974000279,42,"(7, 21, 42)",0,500,300,1.0,1,1.0,5,True,0.19606316089630127,True,resnet101,0.025,0.5,1.0,7e-05,0.1,0.25,0.04,local_cifar10,3e-05,completed,CIFAR-10,32x32,3072,101,0.12295714765787125,9.102462200920389
0.13633954524993896,8.653781588909697,0.039161454886198044,36293.19921875,1,0.755730152130127,1016,D:\IE_643_Project\pre_trained_model_weights\resnet101_cifar10_final_state_dict.pth,8,"(0, 1, 8)",ship,0.490556001663208,cpu,True,0.5114603042602539,0.2471536546945572,D:\IE_643_Project\results\phase1_baseline\figures\resnet101_plug_in_aug_sigmoid_class8_ship_seed7.png,32,0.31212395429611206,0.01,0.5,1.0,0.0001,0.1,1e-05,project_safe_compatible_layers,626,-25.53541374206543,0.03,0.01,0.0,626,3,2,0.9465121030807495,250,1.2819758653640747,10,905.3201904296875,plug_in_aug_sigmoid,42512970,sigmoid,local CIFAR-10 checkpoint: resnet101_cifar10_final_state_dict.pth,500,train,748.2601462001912,7,"(7, 21, 42)",0,500,300,1.0,8,1.0,5,True,0.17058630287647247,True,resnet101,0.025,0.5,1.0,7e-05,0.1,0.25,0.04,local_cifar10,3e-05,completed,CIFAR-10,32x32,3072,101,0.13633954524993896,8.653781588909697
0.14641918241977692,8.344020225035605,0.013680447824299335,36289.77734375,0,0.7540559470653534,21,D:\IE_643_Project\pre_trained_model_weights\resnet101_cifar10_final_state_dict.pth,8,"(0, 1, 8)",ship,0.4938109815120697,cpu,True,0.5081118941307068,0.2543585002422333,D:\IE_643_Project\results\phase1_baseline\figures\resnet101_plug_in_aug_sigmoid_class8_ship_seed21.png,32,0.32884788513183594,0.01,0.5,1.0,0.0001,0.1,1e-05,project_safe_compatible_layers,626,-25.93507957458496,0.03,0.01,0.0,626,3,2,0.9375944137573242,250,1.2338358163833618,10,905.2015380859375,plug_in_aug_sigmoid,42512970,sigmoid,local CIFAR-10 checkpoint: resnet101_cifar10_final_state_dict.pth,500,train,609.6872698001098,21,"(7, 21, 42)",0,500,300,1.0,8,1.0,5,True,0.17035944759845734,True,resnet101,0.025,0.5,1.0,7e-05,0.1,0.25,0.04,local_cifar10,3e-05,completed,CIFAR-10,32x32,3072,101,0.14641918241977692,8.344020225035605
0.13328038156032562,8.752337726201603,0.019789891317486763,36296.71484375,0,0.7531281411647797,42,D:\IE_643_Project\pre_trained_model_weights\resnet101_cifar10_final_state_dict.pth,8,"(0, 1, 8)",ship,0.4980895519256592,cpu,True,0.5062562823295593,0.2757211923599243,D:\IE_643_Project\results\phase1_baseline\figures\resnet101_plug_in_aug_sigmoid_class8_ship_seed42.png,32,0.30494946241378784,0.01,0.5,1.0,0.0001,0.1,1e-05,project_safe_compatible_layers,626,-26.756072998046875,0.03,0.01,0.0,626,3,2,0.9418188333511353,250,1.4237509965896606,10,905.3240356445312,plug_in_aug_sigmoid,42512970,sigmoid,local CIFAR-10 checkpoint: resnet101_cifar10_final_state_dict.pth,500,train,571.4209282000083,42,"(7, 21, 42)",0,500,300,1.0,8,1.0,5,True,0.17513912916183472,True,resnet101,0.025,0.5,1.0,7e-05,0.1,0.25,0.04,local_cifar10,3e-05,completed,CIFAR-10,32x32,3072,101,0.13328038156032562,8.752337726201603
0.11586328595876694,9.360541587860064,-0.0248829647898674,350545.03125,0,0.782860279083252,7,D:\IE_643_Project\pre_trained_model_weights\resnet152_cifar10.pth,0,"(0, 1, 8)",airplane,0.4335477352142334,cpu,True,0.5657205581665039,0.17962461709976196,D:\IE_643_Project\results\phase1_baseline\figures\resnet152_plug_in_aug_sigmoid_class0_airplane_seed7.png,32,0.3235727846622467,0.01,0.5,1.0,0.0001,0.1,1e-05,project_safe_compatible_layers,932,-16.003366470336914,0.03,0.01,0.0,932,3,2,0.7691866159439087,354,1.4349331855773926,10,8762.4794921875,plug_in_aug_sigmoid,58156618,sigmoid,local CIFAR-10 checkpoint: resnet152_cifar10.pth,500,train,1147.318821300054,7,"(7, 21, 42)",0,500,300,1.0,0,1.0,5,True,0.18368029594421387,True,resnet152,0.025,0.5,1.0,7e-05,0.1,0.25,0.04,local_cifar10,3e-05,completed,CIFAR-10,32x32,3072,152,0.11586328595876694,9.360541587860064
0.14483797550201416,8.391175542392336,0.038936030119657516,350545.03125,0,0.7842098057270049,21,D:\IE_643_Project\pre_trained_model_weights\resnet152_cifar10.pth,0,"(0, 1, 8)",airplane,0.43254050612449646,cpu,True,0.5684201121330261,0.18036098778247833,D:\IE_643_Project\results\phase1_baseline\figures\resnet152_plug_in_aug_sigmoid_class0_airplane_seed21.png,32,0.3486596345901489,0.01,0.5,1.0,0.0001,0.1,1e-05,project_safe_compatible_layers,932,-14.908973693847656,0.03,0.01,0.0,932,3,2,0.7948927879333496,122,1.6054331064224243,10,8762.595703125,plug_in_aug_sigmoid,58156618,sigmoid,local CIFAR-10 checkpoint: resnet152_cifar10.pth,500,train,1024.6140037998557,21,"(7, 21, 42)",0,500,300,0.9999992847442627,0,0.9999992847442627,5,True,0.16728875041007996,True,resnet152,0.025,0.5,1.0,7e-05,0.1,0.25,0.04,local_cifar10,3e-05,completed,CIFAR-10,32x32,3072,152,0.14483797550201416,8.391175542392336
